"","bin_ind","bin_start","bin_end","chr_ind","p.value","p.value.adj","seedPct","queryPct","logFC","seedTerritory","queryTerritory"
"1",15,14000000,15000000,1,0,0,1,1,0.369608430136848,"10 11","4 6"
"2",21,20000000,21000000,1,0,0,0.948618219037871,0.772933182332956,0.560802253088582,"10 11","4 6"
