"","chr_ind","bin_start","bin_end","p.value","p.value.adj","seedPct","queryPct","logFC","seedTerritory","queryTerritory"
"1",15,1000000,104043685,0,0,1,1,0.283683336535804,"10 11","1 2 3 5 7 12 13"
"2",19,1000000,61431566,0,0,1,1,0.251909243910297,"10 11","1 2 3 5 7 12 13"
"3",21,1000000,91744698,0,0,0.948618219037871,0.989085135939671,-0.494859184142888,"10 11","1 2 3 5 7 12 13"
