"","chr_ind","bin_start","bin_end","p.value","p.value.adj","seedPct","queryPct","logFC","seedTerritory","queryTerritory"
"1",15,1000000,104043685,0,0,1,1,0.369608430136848,"10 11","4 6"
"2",21,1000000,91744698,0,0,0.948618219037871,0.772933182332956,0.560802253088582,"10 11","4 6"
