"","bin_ind","bin_start","bin_end","chr_ind","p.value","p.value.adj","seedPct","queryPct","logFC","seedTerritory","queryTerritory"
"1",654,113000000,114000000,4,2.80645611599888e-97,1.68387366959933e-96,0.259686585155846,0.4558599695586,-0.299747429339447,"3","2"
"2",1009,9000000,10000000,7,4.36427627785247e-49,1.74571051114099e-48,0.134837265369382,0.028158295281583,0.271107637896238,"3","2"
"3",1275,129000000,129401213,8,4.99601739319863e-47,1.49880521795959e-46,0.388324436025486,0.224124809741248,0.287929566956046,"3","2"
"4",1400,124000000,124595110,9,1.05813512106388e-38,1.05813512106388e-38,0.490270363354572,0.31468797564688,0.251295145333996,"3","2"
"5",2622,148000000,149000000,20,3.96788727886053e-39,7.93577455772106e-39,0.140175650077493,0.0449010654490107,0.296708855500925,"3","2"
"6",2647,1000000,2000000,21,9.02092273496349e-77,4.51046136748174e-76,0.155674186326847,0.313546423135464,-0.307117358160963,"3","2"
