"","chr_ind","bin_start","bin_end","p.value","p.value.adj","seedPct","queryPct","logFC","seedTerritory","queryTerritory"
"1",21,1000000,91744698,0,0,0.874681971480977,0.989085135939671,-0.731789207065232,"10 11 8 9 4 6","1 2 3 5 7 12 13"
"2",21,1000000,91744698,0,0,0.874681971480977,0.989085135939671,-0.731789207065232,"10 11 8 9 4 6","1 2 3 5 7 12 13"
